{"cameraMode":{"drawMode":0,"name":"Shaded","section":"Shading Mode"},"sceneLighting":true,"audioPlay":false,"sceneViewState":{"m_AlwaysRefresh":false,"showFog":true,"showSkybox":true,"showFlares":true,"showImageEffects":true,"showParticleSystems":true,"showVisualEffectGraphs":true,"m_FxEnabled":false},"in2DMode":false,"pivot":{"x":-0.04979431629180908,"y":1.6954147815704346,"z":-0.6149744987487793},"rotation":{"x":0.18767380714416505,"y":-0.04565552622079849,"z":0.008733133785426617,"w":0.981131374835968},"size":2.726120710372925,"orthographic":false}